canonical_name,nickname
William,bell
Victoria,vicky
Wesley,wes
Zachariah,zakk
Winnifred,winny
Zachery,zak
Webster,webb
Veronica,ronnie
Wendy,wen
Vincenzo,vince
Westley,farmboy
Zachery,zakk
Vincent,vinny
Vicki,vicky
Zachary,zach
Winnifred,fred
Vanessa,nessa
Willis,willy
Zebedee,zeb
Zachariah,zach
Vicki,vickie
Winnie,winnifred
Winfield,field
Woodrow,woody
Winnifred,winnie
Winfield,winny
Will,willie
Winfield,win
Vijay,vij
Winifred,freddie
Zachary,zack
Will,fred
Veronica,frony
William,wil
Winny,winnifred
Wallace,wally
Zachary,zakk
Veronica,vonnie
Victoria,vickie
Wilma,billiewilhelm
William,bill
Vic,vicky
Woodrow,drew
Vinson,vin
Yeona,ona
Virginia,virgy
Winton,wint
Vincent,vince
Zachery,zach
Wilda,willie
Yulan,yul
Vinson,vinny
Vinson,vinnie
Wilhelmina,willie
Washington,wash
Veronica,ronna
Wilhelmina,wilma
Victoria,torrie
Wilson,willy
Waldo,ozzy
Zachery,zachy
Zachary,zachy
Virginia,ginger
Winnifred,freddie
Zach,zack
Vincent,vin
Bea,beatrice
Bob,robert
Bob,rob
Con,conny
Babs,bab
Bart,bartholomew
Beck,becky
Bert,bertie
Bert,bob
Bert,bobby
Bess,bessie
Beth,betsy
Beth,elizabeth
Beth,betty
Bill,robert
Bill,william
Bill,fred
Bill,willie
Bill,billy
Brad,bradford
Brad,ford
Chet,chester
Cole,colie
Cory,cordy
Cory,coco
Cory,ree
Dahl,dal
Becca,beck
Bella,arabella
Bella,isabella
Benjy,benjamin
Billy,william
Billy,fred
Billy,robert
Bobby,bob
Bobby,rob
Brady,brody
Brian,bryan
Brian,bryant
Caleb,cal
Carla,carly
Carla,karla
Carol,carrie
Carol,lynn
Carol,carri
Carol,kari
Carol,carole
Carol,caroline
Carol,kara
Carol,carolann
Casey,k.c.
Cathy,kathy
Cathy,catherine
Cathy,cathleen
Chick,caroline
Chick,charlotte
Chick,chuck
Chloe,clo
Chris,kris
Cindy,cinderella
Clara,clarissa
Clare,clara
Cliff,clifford
Corey,coco
Corey,cordy
Corey,ree
Cyrus,cy
Danny,daniel
David,dave
David,davey
David,day
Debby,deb
Barbie,barbara
Barney,barnabas
Berney,bernie
Bertha,birdie
Bertha,bertie
Biddie,biddy
Brenda,brandy
Calvin,cal
Calvin,vin
Calvin,vinny
Camile,cammie
Carmon,charm
Carmon,cammie
Carmon,carm
Casper,jasper
Cedric,ced
Cedric,ricky
Cheryl,cher
Cicely,cilla
Claire,clair
Claire,clare
Claire,clara
Conrad,con
Conrad,conny
Curtis,curt
Dalton,dahl
Dalton,dal
Daniel,danny
Daniel,dann
Daniel,dan
Daphne,daphie
Daphne,daph
Daycia,daisha
Daycia,dacia
Deanne,dee
Deanne,ann
Debbie,debra
Debbie,deborah
Debbie,debby
Debbie,deb
Debora,debby
Debora,deb
Debora,debbie
Barbara,barbie
Barbara,bobbie
Barbara,babs
Barbara,barby
Barbara,bab
Barbery,barbara
Bedelia,delia
Bedelia,bridgit
Belinda,linda
Bernard,bernie
Bernard,berney
Bernard,berny
Bernard,barney
Bethena,thaney
Bethena,beth
Beverly,bev
Blanche,bea
Boetius,bo
Bradley,brad
Breanna,bree
Breanna,bri
Brianna,bri
Bridget,biddy
Bridget,bridgie
Bridget,bridie
Bridget,biddie
Bryanna,ana
Bryanna,brianna
Bryanna,bri
Bryanna,anna
Bryanna,briana
Caitlin,caity
Caitlin,cait
Caitlyn,cait
Caitlyn,caity
Calista,kissy
Cameron,ronny
Cameron,cam
Cameron,ron
Camille,cammie
Camille,millie
Candace,candy
Candace,dacey
Carlton,carl
Carmelo,melo
Carolyn,lynn
Carolyn,carrie
Cassidy,cass
Caswell,cass
Cecilia,cissy
Cecilia,celia
Celeste,lessie
Celeste,celia
Celinda,lynn
Celinda,linda
Celinda,lindy
Charity,chat
Charles,charlie
Charles,carl
Charles,chick
Charles,chuck
Charlie,charles
Charlie,chuck
Chelsey,chelsie
Chesley,chet
Chester,chet
Christy,crissy
Claudia,claud
Cleatus,cleat
Clement,clem
Clifton,tony
Clifton,cliff
Corinne,cora
Corinne,ora
Crystal,tal
Crystal,stal
Crystal,crys
Cynthia,cintha
Cynthia,cindy
Darlene,darry
Deborah,deb
Deborah,debbie
Deborah,debby
Barnabas,barney
Barticus,bart
Bazaleel,basil
Beatrice,trix
Beatrice,trisha
Beatrice,bea
Beatrice,trixie
Benedict,bennie
Benedict,ben
Benjamin,benjy
Benjamin,benny
Benjamin,ben
Benjamin,jamie
Benjamin,bennie
Bezaleel,zeely
Bradford,brad
Bradford,ford
Breeanna,bree
Brittany,brittnie
Brittany,britt
Brittney,brittnie
Brittney,britt
Caldonia,calliedona
Campbell,cam
Carlotta,lottie
Carolann,carol
Carolann,carole
Caroline,lynn
Caroline,carol
Caroline,carole
Caroline,carrie
Cathleen,kit
Cathleen,katy
Cathleen,cathy
Cathleen,kathy
Cathleen,trina
Cathleen,kittie
Cathleen,casey
Chauncey,chan
Clarence,clair
Clarence,clare
Clarinda,clara
Clarissa,cissy
Clarissa,clara
Clifford,ford
Clifford,cliff
Columbus,clum
Cordelia,cordy
Cordelia,delia
Cornelia,nelia
Cornelia,nelle
Cornelia,nelly
Cornelia,corny
Cornelia,cornie
Courtney,court
Courtney,curt
Cyrenius,serene
Cyrenius,swene
Cyrenius,cy
Cyrenius,cene
Cyrenius,renius
Danielle,dani
Danielle,ellie
Broderick,rod
Broderick,ricky
Broderick,brody
Broderick,brady
Calpurnia,cally
Carmellia,mellia
Cassandra,sandy
Cassandra,sandra
Catherine,katy
Catherine,cathy
Catherine,casey
Catherine,trina
Catherine,kathy
Catherine,kittie
Catherine,kit
Charlotte,lotta
Charlotte,lottie
Charlotte,sherry
Charlotte,char
Christian,kit
Christina,chrissy
Christina,crissy
Christina,kristy
Christina,christy
Christina,kris
Christine,chrissy
Christine,kris
Christine,crissy
Christine,kristy
Christine,christy
Constance,connie
Cornelius,corny
Cornelius,con
Cornelius,neil
Cornelius,niel
Cornelius,conny
California,callie
Carthaette,etty
Carthaette,etta
Christiana,ann
Christiana,kristy
Christiana,christy
Christiana,kris
Christiana,crissy
Cinderella,rella
Cinderella,rilla
Cinderella,cindy
Cinderella,arilla
Clementine,clem
Clementine,clement
Bartholomew,bart
Bartholomew,bat
Bartholomew,bartel
Bartholomew,meus
Bartholomew,mees
Christopher,kit
Eva,eve
Emma,emmy
Emma,em
Eric,ricky
Essy,es
Ezra,ez
Fran,frannie
Erwin,irwin
Faith,fay
Flora,florence
Floyd,lloyd
Ernest,ernie
Esther,hester
Esther,essie
Eudicy,dicey
Eudora,dora
Eugene,gene
Eunice,nicie
Evelyn,eve
Evelyn,ev
Evelyn,evelina
Fallon,lonnie
Fallon,falon
Fallon,fally
Fallon,fall
Fallon,falcon
Fallon,fal
Fallon,fallie
Fallon,lon
Feltie,felty
Fionna,fiona
Ephraim,eph
Erasmus,raze
Erasmus,rasmus
Eseneth,senie
Estella,stella
Estella,essy
Estelle,essy
Estelle,stella
Eudoris,dosie
Eudoris,dossie
Evaline,eva
Evaline,eve
Ezekiel,ez
Ezekiel,zeke
Ezideen,ez
Felicia,fel
Felicia,feli
Felicia,felix
Fidelia,delia
Frances,francie
Frances,frannie
Frances,frankie
Frances,sis
Frances,fanny
Frances,franniey
Frances,fran
Frances,franny
Frances,cissy
Francie,francine
Francis,fran
Francis,frank
Francis,frankie
Euphemia,effy
Euphemia,effie
Eurydice,dicey
Eustacia,stacy
Eustacia,stacia
Felicity,tick
Felicity,flick
Florence,flo
Florence,flossy
Florence,flora
Francine,frannie
Francine,franny
Francine,francie
Francine,franniey
Francine,fran
Ernestine,erna
Ernestine,ernest
Ernestine,teeny
Ferdinand,ferdie
Ferdinand,fred
Ferdinand,freddy
Ferdinand,freddie
Evangeline,evan
Evangeline,vangie
Evangeline,ev
Experience,exie
Ferdinando,fred
Ferdinando,ferdie
Ferdinando,nando
Epaphroditius,dite
Epaphroditius,dyce
Epaphroditius,dyche
Epaphroditius,ditus
Epaphroditius,eppa
Edna,edny
Ella,el
Ella,ellen
Elze,elsey
Edwin,win
Edwin,eddie
Edwin,eddy
Edwin,ned
Edyth,edie
Edyth,edye
Elena,helen
Elias,eli
Elias,lee
Elias,lias
Elisa,lisa
Eliza,elizabeth
Ellen,nell
Ellen,nellie
Ellen,helen
Ellie,elly
Elsie,elsey
Edmond,eddy
Edmond,eddie
Edmund,eddy
Edmund,ted
Edmund,ned
Edmund,eddie
Edward,eddy
Edward,teddy
Edward,ned
Edward,eddie
Edward,ted
Edwina,edwin
Edythe,edie
Edythe,edye
Egbert,burt
Eighta,athy
Eileen,helen
Elaine,helen
Elaine,lainie
Elbert,albert
Eldora,dora
Elijah,eli
Elijah,lige
Elisha,lish
Elisha,eli
Elmira,mira
Elmira,elly
Elmira,ellie
Elnora,nora
Eloise,louise
Eloise,heloise
Elvira,elvie
Elwood,woody
Elysia,lisa
Elysia,lissa
Eduardo,eddy
Eduardo,eddie
Eleanor,ellen
Eleanor,nelly
Eleanor,lanna
Eleanor,ellie
Eleanor,nora
Eleanor,elaine
Eleanor,lenora
Eleazer,lazar
Elminie,minnie
Elouise,louise
Elswood,elsey
Emanuel,manny
Emanuel,manuel
Emeline,em
Ellender,ellen
Ellender,nellie
Ellender,helen
Ellswood,elsey
Elbertson,elbert
Eliphalel,life
Eliphalet,left
Elizabeth,liza
Elizabeth,lizzie
Elizabeth,lizzy
Elizabeth,betty
Elizabeth,lisa
Elizabeth,betsy
Elizabeth,liz
Elizabeth,lib
Elizabeth,bess
Elizabeth,beth
Elizabeth,libby
Elizabeth,eliza
Elizabeth,bessie
Edgar,eddie
Edgar,eddy
Edith,edye
Edith,edie
Ebenezer,eb
Freda,frieda
Frankie,frank
Frankie,francis
Franklin,frank
Franklin,fran
Franklind,fran
Franklind,frank
Emil,emily
Emil,em
Emily,em
Emily,emmy
Emily,millie
Emily,mel
Emily,emma
Emeline,emmy
Emeline,emily
Emeline,milly
Emeline,emma
Dick,richard
Debra,deb
Debra,debbie
Delia,delius
Delia,fidelia
Delia,cordelia
Della,delilah
Della,adelaide
Della,adela
Derek,derrek
Derek,ricky
Diana,dicey
Diana,didi
Diana,di
Diane,dian
Diane,didi
Diane,di
Diane,dianne
Diane,dicey
Dicey,dicie
Donna,dona
Doris,dora
Dotha,dotty
Dotty,dot
Ebbie,eb
Deidre,deedee
Delpha,philadelphia
Dennis,denny
Dennis,dennie
Derick,ricky
Donald,don
Donald,dony
Donald,donny
Donald,donnie
Donato,don
Dorcus,darkey
Duncan,dunk
Delbert,del
Delilah,lil
Delilah,della
Delilah,lila
Delores,lola
Delores,lolly
Delores,dee
Delores,della
Demaris,maris
Demaris,mary
Demaris,dea
Derrick,eric
Derrick,ricky
Dickson,dick
Domenic,dom
Domenic,nic
Dominic,dom
Dominic,nic
Donovan,dony
Donovan,donnie
Donovan,donny
Donovan,don
Dorinda,dora
Dorinda,dorothea
Dorothy,dortha
Dorothy,dottie
Dorothy,dotty
Dorothy,dora
Dorothy,dot
Dorothy,dolly
Douglas,doug
Earnest,ernestine
Earnest,ernie
Delphine,delphi
Delphine,delf
Delphine,del
Demerias,dea
Demerias,maris
Demerias,mary
Dennison,denny
Dennison,dennis
Dominick,nick
Dominick,dom
Dominick,nicky
Dominico,dom
Dorothea,doda
Dorothea,dora
Drusilla,silla
Ebenezer,eben
Ebenezer,ebbie
Democrates,mock
Deliverance,delly
Deliverance,dilly
Deliverance,della
Deuteronomy,duty
Gum,monty
Gus,gussie
Iva,ivy
Jim,jimmie
Joe,joey
Gwen,wendy
Inez,agnes
Iona,onnie
Jane,jean
Jane,jennie
Jane,jessie
Jane,janie
Jean,jeannie
Jean,jane
Jehu,hugh
Jehu,gee
Joan,nonie
Glenn,glen
Harry,henry
Harry,hap
Harry,haps
Harry,harold
Helen,ella
Helen,ellen
Helen,ellie
Henry,hal
Henry,hap
Henry,hank
Henry,harry
Henry,haps
Hiram,hy
Hosea,hosie
Hosea,hosey
India,indy
India,indie
Irene,rena
Irvin,irving
Irwin,erwin
Isaac,zeke
Isaac,ike
Jacob,jay
Jacob,jake
Jacob,jaap
Jakob,jake
Jalen,jay
Jalen,len
Jalen,jaylin
Jalen,jaylyn
Jalen,jaelyn
Jalen,lenny
Jalen,alen
Jalen,jailyn
Jalen,haylen
Jalen,jaye
Jalen,jaelin
Jalen,lennie
James,jim
James,jimmie
James,jamie
James,jimmy
James,jem
Jamey,james
Jamey,jamie
Jamie,james
Janet,jessie
Janet,jan
Jayme,jay
Jerry,geri
Jerry,gerry
Jerry,jereme
Jerry,geraldine
Jincy,jane
Jinsy,jane
Frieda,fred
Frieda,freddy
Frieda,freddie
Gareth,gary
Gareth,gare
George,georgie
Gerald,gerry
Gerald,jerry
Gertie,gertrude
Gertie,gert
Gloria,glory
Hailey,hayley
Hailey,haylee
Hannah,nan
Hannah,anna
Hannah,nanny
Harold,hap
Harold,hal
Harold,harry
Harold,haps
Haylee,hayley
Haylee,hailey
Hayley,haylee
Hayley,hailey
Helena,elaine
Helena,eleanor
Helena,nellie
Helena,aileen
Helena,ellen
Helena,nell
Helena,eileen
Helene,ellen
Helene,ellie
Helene,ella
Herman,harman
Herman,dutch
Hester,hessy
Hester,esther
Hester,hetty
Honora,norry
Honora,nora
Honora,norah
Honora,honey
Horace,horry
Howard,howie
Howard,hal
Hubert,hub
Hubert,hugh
Irving,irv
Isabel,bella
Isabel,tibbie
Isabel,nibby
Isabel,issy
Isabel,nib
Isabel,bell
Isabel,ib
Isaiah,zadie
Isaiah,zay
Jahoda,hoda
Jahoda,hody
Jahoda,hodie
Janice,jan
Jasper,casper
Jasper,jap
Jeanne,jeannie
Jeanne,jane
Jehiel,hiel
Jemima,mima
Jennet,jenn
Jennet,jenny
Jennet,jessie
Jeremy,jezza
Jeremy,jez
Jerita,rita
Jessie,jess
Jessie,janet
Jessie,jane
Joanna,jodi
Joanna,jody
Joanna,hannah
Joanna,joan
Gabriel,gabby
Gabriel,gabe
Garrett,garry
Garrett,jerry
Garrett,gary
Garrett,rhett
Garrett,garret
Garrett,barrett
Garrett,gare
Garrett,garratt
Garrick,garri
Gilbert,wilber
Gilbert,gil
Gregory,greg
Gregory,gory
Harriet,hattie
Heather,hetty
Heloise,lois
Heloise,elouise
Heloise,eloise
Herbert,herb
Hillary,hilary
Hopkins,hop
Hopkins,hopp
Isadora,dora
Isadora,issy
Isadore,izzy
Isidore,izzy
Jackson,jack
Jacobus,jacob
Jannett,nettie
Jeffery,jeff
Jeffrey,jeff
Jeffrey,geoff
Jessica,jess
Jessica,jessie
Jillian,jill
Geoffrey,jeff
Geoffrey,geoff
Georgine,george
Gerhardt,gay
Gertrude,gertie
Gertrude,trudy
Gertrude,gert
Giovanni,gio
Governor,govie
Greggory,gregg
Gretchen,margaret
Griselda,grissel
Gustavus,gus
Gustavus,gussie
Hamilton,ham
Harrison,hap
Harrison,haps
Harrison,harry
Hepsibah,hipsie
Hermione,hermie
Hezekiah,kiah
Hezekiah,hez
Hezekiah,hy
Hortense,tensey
Hortense,harty
Ignatius,iggy
Ignatius,natius
Ignatius,nace
Ignatius,nate
Ignatzio,nace
Ignatzio,naz
Ignatzio,iggy
Immanuel,manuel
Immanuel,emmanuel
Isabella,issy
Isabella,bella
Isabella,nib
Isabella,nibby
Isabella,ib
Isabella,tibbie
Isabelle,issy
Isabelle,ib
Isabelle,nib
Isabelle,nibby
Isabelle,bella
Isabelle,tibbie
Jeanette,nettie
Jeanette,jessie
Jeanette,jean
Jeanette,janet
Jebadiah,jeb
Jedediah,jed
Jedediah,diah
Jedediah,dyer
Jedidiah,jed
Jedidiah,diah
Jedidiah,dyer
Jefferey,jeff
Jennifer,jen
Jennifer,jenny
Jennifer,jennie
Jennifer,jenni
Jennifer,jenn
Jeremiah,jerry
Jeremiah,jereme
Johannah,joan
Johannah,jody
Johannah,nonie
Johannah,hannah
Frederica,freddy
Frederica,frederick
Frederica,rickey
Frederica,erika
Frederica,erica
Frederick,derick
Frederick,ricky
Frederick,fred
Frederick,erick
Frederick,freddy
Frederick,fritz
Frederick,freddie
Gabriella,gabby
Gabriella,ella
Gabrielle,gabby
Gabrielle,ella
Genevieve,jenny
Genevieve,eve
Genevieve,jean
Georgiana,georgia
Geraldine,gerry
Geraldine,gerrie
Geraldine,jerry
Geraldine,gerri
Geraldine,dina
Gwendolyn,gwen
Gwendolyn,wendy
Haseltine,hassie
Henrietta,henny
Henrietta,etta
Henrietta,retta
Henrietta,nettie
Henrietta,etty
Henrietta,hank
Hephsibah,hipsie
Hipsbibah,hipsie
Jefferson,jeff
Jefferson,sonny
Fredericka,ricka
Fredericka,freddy
Fredericka,ericka
Fredericka,frieda
Fredericka,freda
Fredericka,rickey
Greenberry,berry
Greenberry,green
Jacqueline,jackie
Jacqueline,jack
Jacqueline,jacqui
Jon,jonnie
Jon,johnny
Jon,jonny
Kit,kittie
Leo,leon
Lib,libby
Lil,lily
Lil,lilly
Lou,louis
Lou,lu
Mac,mc
John,jon
John,ian
John,jonnie
John,jack
John,johnny
John,jonny
John,jock
Judy,judith
June,junius
Katy,kathy
Katy,kate
Katy,katie
Kent,kendrick
Kent,ken
Kent,kenny
Lena,ellen
Levi,lee
Lisa,liz
Lois,lou
Lois,louise
Lucy,lucinda
Luke,lucas
Mack,mc
Mack,mac
Josey,josophine
Joyce,joy
Judah,juder
Judah,jude
Julia,julie
Julia,jill
Julie,julia
Julie,jule
Kalli,cali
Kalli,kali
Karla,carla
Karla,carly
Kasey,k.c.
Katia,kate
Katia,katie
Kenny,ken
Kenny,kenneth
Kerry,kerri
Kevin,kev
Larry,laurence
Larry,lawrence
Leroy,lee
Leroy,roy
Leroy,l.r.
Lidia,lyddy
Lilly,lily
Lilly,lil
Linda,lynn
Linda,lindy
Lindy,lynn
Lonzo,lon
Lotta,lottie
Louis,lou
Louis,louie
Louis,louise
Louis,lewis
Lucas,luke
Lucia,lucius
Lucia,lucy
Lydia,lyddy
Mabel,mehitabel
Mabel,amabel
Maddy,madeline
Maddy,madge
Maddy,madelyn
Madie,madeline
Madie,madelyn
Manda,mandy
Mandy,amanda
Manny,manuel
Joseph,joey
Joseph,joe
Joseph,jody
Joseph,jos
Joshua,joe
Joshua,jos
Joshua,josh
Josiah,jos
Judith,judi
Judith,juda
Judith,jude
Judith,judy
Judith,judie
Judson,sonny
Judson,jud
Julian,jule
Julias,jule
Junior,junie
Junior,jr
Junior,june
Justin,juston
Justin,justina
Justin,justus
Kelley,kelly
Kelley,kellie
Kelley,kelli
Kendra,kenny
Kendra,kenji
Kendra,kenj
Keziah,kizza
Keziah,kizzie
Lamont,monty
Laurel,laurie
Lauren,ren
Lauren,laurie
Lauryn,laurie
Laveda,veda
Lavina,ina
Lavina,viney
Lavina,vina
Leanne,lea
Leanne,annie
Lemuel,lem
Lenora,lee
Lenora,nora
Lesley,les
Leslie,les
Lester,les
Levicy,vicy
Levone,von
Lillah,lolly
Lillah,lilly
Lillah,lily
Lillah,lil
Lionel,leon
Lizzie,liz
Louisa,eliza
Louisa,lou
Louisa,lois
Louise,eliza
Louise,lou
Louise,lois
Lucias,luke
Lucina,sinah
Luella,lula
Luella,lu
Luella,ella
Lurana,lura
Luther,luke
Lyndon,lynn
Lyndon,lindy
Maegen,meg
Mahala,hallie
Mandie,amanda
Manoah,noah
Manola,nonnie
Manuel,emanuel
Josetta,jettie
Juanita,nita
Juanita,nettie
Kaitlin,kaitie
Kaitlin,kait
Kaitlyn,kaitie
Kaitlyn,kait
Kameron,kam
Katelin,kate
Katelin,kaye
Katelyn,kaye
Katelyn,kate
Kathryn,kate
Kathryn,katie
Kathryn,kathy
Kendall,kenny
Kendall,ken
Kendrik,kenny
Kendrik,ken
Kenneth,kenny
Kenneth,ken
Kenneth,kendrick
Kristel,kris
Latisha,tish
Latisha,tisha
Laverne,vernon
Laverne,verna
Lavinia,ina
Lavinia,viney
Lavinia,vina
Lavonia,wyncha
Lavonia,viney
Lavonia,vina
Lavonia,vonnie
Lavonne,von
Leilani,lani
Leonard,len
Leonard,leo
Leonard,leon
Leonard,lenny
Leonard,lineau
Leonora,nell
Leonora,nora
Leonora,nellie
Leonore,nora
Leonore,honor
Leonore,elenor
Letitia,lettie
Letitia,lettice
Letitia,titia
Letitia,tish
Lillian,lolly
Lillian,lil
Lillian,lilly
Lincoln,link
Lindsay,lindsy
Lindsay,lindsey
Lindsay,lindsie
Lorelei,lori
Lorelei,lorrie
Lorelei,laurie
Lorenzo,loren
Loretta,retta
Loretta,etta
Loretta,lorrie
Loretta,lorie
Lucille,lu
Lucille,lucy
Lucille,lou
Lucille,cille
Lucinda,lucy
Lucinda,lou
Lucinda,cindy
Lucinda,lu
Lunetta,nettie
Madelyn,maddy
Madelyn,madie
Madison,mattie
Madison,maddy
Makayla,kayla
Malachi,mally
Malcolm,mal
Malcolm,mac
Malcolm,malc
Malinda,lindy
Manerva,nervie
Manerva,eve
Manerva,nerva
Manerva,minerva
Johannes,johnny
Johannes,jonathan
Jonathan,johnathon
Jonathan,jonathon
Jonathan,jonnie
Jonathan,jonny
Jonathan,johny
Jonathan,jon
Jonathan,nathan
Jonathan,johnathan
Jonathon,johny
Jonathon,jonnie
Jonathon,jonny
Jonathon,jonathan
Jonathon,johnathon
Jonathon,johnathan
Jonathon,jon
Kaitlynn,kaitie
Kaitlynn,kait
Katarina,catherine
Kathleen,cathy
Kathleen,kit
Kathleen,kittie
Kathleen,kathy
Kathleen,trina
Kathleen,katy
Kendrick,ken
Kendrick,kenny
Kimberly,kimberley
Kimberly,kimberli
Kimberly,kim
Kingsley,king
Kingston,king
Kristine,crissy
Kristine,christy
Kristine,kristy
Kristine,kris
Kymberly,kym
Laodicia,dicy
Laodicia,cenia
Laurence,lorne
Laurence,lorry
Laurence,lon
Laurence,lonny
Laurence,larry
Laurinda,lawrence
Laurinda,laura
Lawrence,lorne
Lawrence,larry
Lawrence,lorry
Lawrence,lawrie
Lawrence,lonny
Lawrence,lon
Lecurgus,curg
Leonidas,lee
Leonidas,leon
Lorraine,lorrie
Lorraine,lorie
Louvinia,viney
Louvinia,vina
Louvinia,vonnie
Louvinia,wyncha
Lucretia,creasey
Maddison,maddi
Maddison,maddie
Madeline,madge
Madeline,maud
Madeline,maddy
Madeline,maddi
Madeline,maddie
Madeline,maggie
Madeline,madie
Madeline,magda
Johnathan,jonnie
Johnathan,nathan
Johnathan,jonathon
Johnathan,jon
Johnathan,jonathan
Johnathan,johnathon
Johnathan,johny
Johnathan,jonny
Johnathon,johnathan
Johnathon,jonathon
Johnathon,jonny
Johnathon,johny
Johnathon,jonnie
Johnathon,jon
Johnathon,jonathan
Josephine,josie
Josephine,jody
Josephine,josey
Josephine,fina
Josephine,joey
Josophine,joey
Josophine,josey
Katherine,kit
Katherine,katy
Katherine,kittie
Katherine,kaye
Katherine,kate
Katherine,trina
Katherine,kathy
Katherine,cathy
Kimberley,kimberly
Kimberley,kimberli
Kimberley,kim
Lafayette,laffie
Lafayette,fate
Mackenzie,mac
Mackenzie,mack
Mackenzie,kenzy
Magdalena,maggie
Magdelina,maggie
Magdelina,madge
Magdelina,magda
Kristopher,kris
Littleberry,little
Littleberry,berry
Littleberry,l.b.
Ada,adie
Ada,addy
Ann,annie
Ann,nan
Ara,arry
Bab,barby
Abel,ebbie
Abel,ab
Abel,eb
Abel,abe
Amos,moses
Anna,annie
Anna,anne
Anna,ann
Anna,nan
Anne,annie
Anne,ann
Anne,nan
Aron,ronnie
Aron,ron
Aron,erin
Babs,barby
Babs,barbara
Aaron,erin
Aaron,ronnie
Aaron,ron
Abiel,ab
Abner,ab
Abram,abe
Abram,ab
Adela,della
Adela,adie
Adele,addy
Adena,deena
Adena,dina
Adena,dena
Adena,adina
Agnes,aggy
Agnes,nessa
Agnes,inez
Aleva,leve
Aleva,levy
Alice,elsie
Alice,lisa
Aline,adeline
Allan,alan
Allan,allen
Allen,allan
Allen,alan
Andre,drea
Annie,ann
Annie,anna
Asaph,asa
Abijah,bige
Abijah,ab
Adrian,rian
Agatha,aga
Agatha,aggy
Alexis,lexi
Alexis,alex
Alfred,freddy
Alfred,fred
Alicia,elsie
Alicia,lisa
Alison,ali
Almena,ali
Almena,mena
Almena,ally
Almina,minnie
Almira,myra
Alonzo,lonzo
Alonzo,lon
Althea,ally
Alyssa,lissia
Alyssa,ally
Alzada,zada
Amanda,manda
Amanda,mandy
Amelia,amy
Amelia,mel
Amelia,millie
Amelia,emily
Andrea,andi
Andrea,andy
Andrea,andrew
Andrea,rea
Andrea,drea
Andrew,drew
Andrew,andy
Angela,angie
Angela,angel
Anselm,anse
Anselm,selma
Anselm,ansel
Anselm,ance
Arlene,arly
Armena,mena
Armena,arry
Arnold,arnie
Arthur,art
Arzada,zaddi
Asahel,asa
Ashley,lee
Ashley,ash
Ashley,leah
Ashley,ashly
Aubrey,bree
Audrey,dee
Audrey,audree
August,gus
Abigail,abbie
Abigail,abbe
Abigail,abby
Abigail,abbey
Abigail,gail
Abigail,nabby
Abigail,abbi
Abigale,abby
Abigale,abbie
Abigale,abbi
Abigale,abbey
Abigale,nabby
Abigale,gail
Abigale,abbe
Abraham,ab
Abraham,abe
Absalom,app
Absalom,ab
Absalom,abbie
Adaline,delia
Adaline,ada
Adaline,addy
Adaline,adie
Addison,addy
Addison,addie
Adeline,delia
Adeline,addy
Adeline,ada
Adriane,riane
Alanson,lanson
Alazama,ali
Alberta,bertie
Aldrich,richie
Aldrich,rich
Aldrich,riche
Alfreda,frieda
Alfreda,freddy
Alfreda,freda
Alfreda,alfy
Allison,ally
Allison,ali
Allyson,ali
Allyson,ally
Allyssa,ally
Allyssa,ali
Alverta,virdie
Alverta,vert
Ambrose,brose
Annette,nettie
Annette,anna
Anthony,tony
Anthony,ant
Antonia,netta
Antonia,ann
Antonia,tony
Antonio,ant
Antonio,tony
Aquilla,quillie
Aquilla,quil
Ariadne,arie
Ariadne,ari
Arielle,arie
Arizona,ona
Arizona,onie
Armanda,mandy
Armilda,milly
Arminda,mindie
Arminta,minnie
Arminta,minite
Artemus,art
Arthusa,thursa
Asenath,natty
Asenath,sene
Asenath,assene
Augusta,aggy
Augusta,gatsy
Augusta,gussie
Aurelia,orilla
Aurelia,ree
Aurelia,aurilla
Aurelia,ora
Aurelia,rilly
Azariah,riah
Azariah,aze
Abbigail,abbe
Abbigail,abbey
Abbigail,gail
Abbigail,abbie
Abbigail,abbi
Abbigail,abby
Abbigail,nabby
Abbigale,abby
Abbigale,abbi
Abbigale,abbie
Abbigale,abbe
Abbigale,gail
Abbigale,nabby
Abbigale,abbey
Abednego,bedney
Adelaide,heidi
Adelaide,adie
Adelaide,addy
Adelaide,adele
Adelaide,della
Adelbert,del
Adelbert,delbert
Adelbert,albert
Adelphia,delphia
Adelphia,philly
Adelphia,addy
Adelphia,adele
Adolphus,dolph
Adolphus,adolph
Adolphus,ado
Adrienne,enne
Adrienne,addie
Adrienne,rienne
Algernon,algy
Anderson,andy
Andriane,ada
Andriane,rienne
Andriane,adri
Angelica,angie
Angelica,angel
Angelica,angelika
Angelica,angelique
Angelina,angel
Angelina,lina
Angelina,angie
Appoline,appy
Appoline,appie
Arabella,bella
Arabella,ara
Arabella,arry
Arabelle,arry
Arabelle,bella
Arabelle,ara
Araminta,armida
Araminta,minty
Araminta,ruminta
Araminta,middie
Augustus,august
Augustus,gus
Augustus,austin
Avarilla,rilla
Aleksandr,alek
Aleksandr,alex
Alexander,alex
Alexander,sandy
Alexander,alec
Alexandra,alla
Alexandra,sandra
Alexandra,alex
Alexandra,sandy
Alixandra,alix
Alphinias,alphus
Anastasia,stacy
Anastasia,ana
Archibald,archie
Archilles,killis
Archilles,kill
Aristotle,telly
Artelepsa,epsey
Augustina,gussie
Augustina,aggy
Augustina,gatsy
Augustine,austin
Augustine,gus
Augustine,august
Alexandria,alla
Alexandria,alexander
Alexandria,alex
Alexandria,drina
Alexandria,sandra
Allisandra,ally
Allisandra,ali
Antoinette,netta
Antoinette,tony
Antoinette,ann
Jalen,al
Alan,al
Aldo,al
Alex,al
Allan,al
Allen,al
Albert,al
Alfred,al
Alonzo,al
Alyssa,al
Alanson,al
Alfonse,al
Alastair,al
Alexander,al
Edwin,ed
Edmond,ed
Edmund,ed
Edward,ed
Eduardo,ed
Eddy,ed
Eddie,ed
Edgar,ed
Joan,jo
Jody,jo
Joann,jo
Joanna,jo
Joanne,jo
Johanna,jo
Johannah,jo
Josephine,jo
Josophine,jo
Cathleen,kay
Catherine,kay
Kate,kay
Kayla,kay
Kendra,kay
Katelin,kay
Katelyn,kay
Kathleen,kay
Katherine,kay
Bertha,bert
Bertram,bert
Egbert,bert
Elbert,bert
Elbertson,bert
Delbert,bert
Hubert,bert
Gilbert,bert
Herbert,bert
Albert,bert
Alberta,bert
Adelbert,bert
Della,dell
Delilah,dell
Delores,dell
Adele,dell
Adaline,dell
Adeline,dell
Adelaide,dell
Adelphia,dell
Ian,john
Ivan,john
Johann,john
Jon,john
Johannes,john
Jonathan,john
Jonathon,john
Johnathan,john
Johnathon,john
Darlene,lena
Cathleen,lena
Catherine,lena
Evaline,lena
Helen,lena
Helena,lena
Helene,lena
Kathleen,lena
Madeline,lena
Katherine,lena
Magdalena,lena
Magdelina,lena
Aileen,lena
Arlene,lena
Adaline,lena
Adeline,lena
Cedric,rick
Broderick,rick
Eric,rick
Dick,rick
Derek,rick
Derick,rick
Derrick,rick
Frederick,rick
Christina,tina
Christine,tina
Christiana,tina
Ernestine,tina
Katarina,tina
Kristine,tina
Augusta,tina
Augustina,tina
Alice,allie
Aileen,allie
Alicia,allie
Alison,allie
Almena,allie
Alberta,allie
Allison,allie
Allyson,allie
Allyssa,allie
Allisandra,allie
Bella,belle
Belinda,belle
Isabel,belle
Isabella,belle
Isabelle,belle
Ara,belle
Arabella,belle
Arabelle,belle
Christa,chris
Crystal,chris
Christian,chris
Christina,chris
Christine,chris
Christoph,chris
Christiana,chris
Christiano,chris
Christopher,chris
Kris,chris
Kristy,chris
Kristen,chris
Kristin,chris
Kristine,chris
Kristopher,chris
Carol,cassie
Carrie,cassie
Carolyn,cassie
Cassidy,cassie
Caroline,cassie
Cathleen,cassie
Cassandra,cassie
Catherine,cassie
Kathleen,cassie
Katherine,cassie
Yulan,lan
Victoria,tory
Vivian,viv
Zack,zak
Woodrow,wood
Vic,vickie
Vincent,vinnie
Wilbur,willie
Wilber,bert
Winnifred,freddy
Ray,raymond
Ron,ronny
Ron,ronnie
Sam,sammy
Sue,susie
Sue,susan
Paul,polly
Reba,becca
Reba,beck
Rich,dick
Rich,rick
Rick,ricky
Rosa,rose
Rose,rosie
Ryan,ry
Patsy,patty
Patty,patricia
Paula,polly
Paula,lina
Peggy,peg
Peter,pate
Peter,pete
Prudy,prudence
Rhoda,rodie
Rhyna,rhynie
Ricky,dick
Ricky,rich
Roger,hodge
Roger,rod
Roger,robby
Roger,rupert
Roger,roge
Roger,bobby
Roger,robin
Ronny,ronald
Sandy,sandra
Sarah,sally
Sarah,sadie
Sarah,sara
Scott,scottie
Scott,sceeter
Scott,squat
Scott,scotty
Selma,anselm
Shaun,shawn
Shawn,shaun
Silas,si
Simon,si
Simon,sion
Smith,smitty
Stacy,staci
Pheney,josephine
Philip,pip
Philip,phil
Philly,delphia
Phoebe,fifi
Rachel,shelly
Rachel,rachael
Ramona,mona
Reggie,reg
Reggie,reginald
Regina,gina
Regina,reggie
Relief,leafa
Reuben,rube
Robert,dobbin
Robert,billy
Robert,robby
Robert,bob
Robert,bill
Robert,hob
Robert,hobkin
Robert,rob
Robert,dob
Robert,bobby
Rodger,robby
Rodger,bobby
Rodger,hodge
Rodger,rod
Rodger,roge
Rodger,rupert
Rodger,robin
Rodney,rod
Roland,rollo
Roland,rolly
Roland,orlando
Roland,lanny
Ronald,naldo
Ronald,ronnie
Ronald,ron
Ronald,ronny
Roscoe,ross
Rosina,sina
Roxane,rox
Roxane,roxie
Salome,loomie
Samson,sam
Samson,sammy
Samuel,sammy
Samuel,sam
Samyra,sam
Samyra,myra
Samyra,sammy
Sandra,cassandra
Sandra,sandy
Serena,rena
Shaina,sha
Shaina,shay
Sharon,sha
Sharon,shay
Sheila,cecilia
Sheryl,sher
Sheryl,sherri
Sheryl,sherryl
Sheryl,sheri
Sheryl,cheri
Sheryl,cherie
Sheryl,sherry
Sidney,syd
Sidney,sid
Simeon,si
Simeon,sion
Sondra,sonnie
Sondra,dre
Sophia,sophie
Stacey,stacy
Stacey,stacie
Stacey,staci
Stacie,stacy
Stacie,staci
Stacie,stacey
Steven,stevie
Steven,steve
Steven,steph
Stuart,stu
Patrick,paddy
Patrick,pat
Patrick,peter
Patrick,pate
Patrick,patsy
Paulina,lina
Paulina,polly
Pauline,polly
Pheriba,ferbie
Pheriba,pherbia
Phillip,pip
Phillip,phil
Rafaela,rafa
Raphael,ralph
Raymond,ray
Rebecca,beck
Rebecca,becky
Rebecca,reba
Rebecca,becca
Reynold,reginald
Ricardo,ricky
Ricardo,rick
Richard,dickie
Richard,dick
Richard,dicky
Richard,dickon
Richard,rich
Richard,rick
Richard,richie
Richard,ricky
Roberta,birtie
Roberta,roby
Roberta,robbie
Roberta,bert
Roberta,birdie
Roberta,bertie
Roberta,bobbie
Roberto,rob
Rosabel,belle
Rosabel,roz
Rosabel,rose
Rosabel,rosa
Rosaenn,ann
Rosalyn,rose
Rosalyn,roz
Rosalyn,linda
Rosalyn,rosa
Roseann,rose
Roseann,ann
Roseann,rosie
Roseann,roz
Roxanna,roxie
Roxanna,rose
Roxanna,ann
Roxanne,rose
Roxanne,roxie
Roxanne,ann
Rudolph,rudy
Rudolph,dolph
Rudolph,rolf
Rudolph,olph
Russell,rusty
Russell,russ
Sabrina,brina
Safieel,safie
Sampson,sam
Sampson,sammy
Sanford,sandy
Sarilla,silla
Serilla,rilla
Seymour,morey
Seymour,see
Sheldon,shelly
Shelton,shel
Shelton,tony
Shelton,shelly
Shirley,sherry
Shirley,shirl
Shirley,lee
Sigfrid,sid
Silence,liley
Solomon,salmon
Solomon,sal
Solomon,solly
Solomon,sol
Solomon,saul
Solomon,zolly
Stephan,steve
Stephen,steve
Stephen,steph
Patricia,trish
Patricia,trisha
Penelope,penny
Percival,percy
Permelia,mellie
Permelia,melly
Permelia,milly
Pernetta,nettie
Philetus,leet
Philetus,phil
Philinda,lindy
Philinda,lynn
Philinda,linda
Pinckney,pink
Pleasant,ples
Posthuma,humey
Prescott,pres
Prescott,scotty
Prescott,scott
Prudence,prudy
Prudence,prue
Randolph,dolph
Randolph,randy
Reginald,reggie
Reginald,reg
Reginald,renny
Reginald,naldo
Rhodella,della
Roderick,rickie
Roderick,erick
Roderick,roddy
Roderick,rod
Rosaenna,ann
Roseanna,roz
Roseanna,rosie
Roseanna,ann
Roseanna,rose
Roseanne,ann
Rosemary,mary
Rosemary,rosemarie
Rosemary,rose
Rosemary,rosey
Rosemary,marie
Salvador,sal
Salvador,sally
Samantha,sammy
Samantha,sam
Samantha,mantha
Savannah,savanna
Savannah,vannie
Savannah,anna
Sheridan,sher
Sheridan,danny
Sheridan,dan
Sibbilla,sibbie
Sibbilla,sibbell
Sibbilla,sybill
Sigfired,sid
Socrates,crate
Sullivan,sully
Sullivan,van
Pelegrine,perry
Peregrine,perry
Philander,fie
Philipina,phoebe
Philipina,penie
Philipina,pip
Philomena,menaalmena
Priscilla,cilla
Priscilla,prissy
Priscilla,cissy
Rosabella,belle
Rosabella,rose
Rosabella,rosa
Rosabella,bella
Rosabella,roz
Rosalinda,rosa
Rosalinda,rose
Rosalinda,linda
Rosalinda,roz
Rudolphus,dolph
Rudolphus,rolf
Rudolphus,rudy
Rudolphus,olph
Sebastian,sebby
Sebastian,seb
Sigismund,sig
Silvester,sly
Silvester,syl
Silvester,si
Silvester,vester
Silvester,vest
Sophronia,frona
Sophronia,fronia
Sophronia,sophia
Stephanie,steffie
Stephanie,steffi
Stephanie,stephie
Stephanie,steph
Stephanie,stephani
Stephanie,stevie
Stephanie,annie
Stephanie,stephine
Stephanie,stephany
Persephone,sephy
Persephone,seph
Petronella,nellie
Pocahontas,pokey
Providence,provy
Philadelphia,delphia
Veronica,ron
Wally,walt
William,bela
Willie,william
Wilber,will
Veronica,franky
Violetta,lettie
Vincenzo,vinnie
Yoshihiko,yoshi
Wilfred,fred
Westley,wes
Winifred,winnie
Vanessa,vanna
Viola,ola
Vanessa,essa
Vinson,vince
Wilbur,willy
William,willie
Zach,zak
William,billy
Wilson,will
Victoria,torie
Victoria,vic
Wilbur,will
Zack,zach
Virginia,jane
Vincent,vic
Zachary,zak
Westley,west
Vanburen,buren
Yvonne,vonna
Will,wilbur
Zachary,zeke
Vincenzo,vinny
Veronica,ronny
Victor,vic
Zachery,zack
Waldo,ossy
Zachary,zac
Walter,walt
Veronica,ronie
Wilfred,will
Wilhelm,willie
Zachery,zeke
Victoria,torri
Zephaniah,zeph
Zachariah,zak
William,will
Zachery,zac
Vernisee,nicey
Wilfred,willie
Vivian,vi
Virginia,ginny
Virginia,jennie
Vic,victor
Willie,fred
William,willy
Ursula,sula
Ursula,sulie
Valeri,valerie
Valeri,val
Valerie,val
Valentina,felty
Valentina,val
Valentina,vallie
Valentine,felty
Wilfred,wil
Zachariah,zac
Vincenzo,vin
Zedediah,zed
Vicki,victoria
Vic,vicki
Wilhelmina,minnie
Wilson,willie
Zachariah,zack
Winifred,winnet
Victoria,tori
Zachariah,zeke
Zedediah,diah
Wilma,william
Wilhelm,wil
Zedediah,dyer
Viola,vi
Yeona,onie
Will,bill
Vandalia,vannie
Willis,bill
Wilhelmina,mina
Vincenzo,vic
Mat,mattie
May,mae
Marv,marvin
Mary,mitzi
Mary,mae
Mary,marie
Mary,molly
Mary,mamie
Mary,polly
Maud,middy
Merv,mervin
Mick,micky
Mike,michael
Mike,mick
Mike,micky
Newt,newton
Nora,nonie
Obie,obediah
Ossy,ozzy
Otis,ode
Otis,ote
Marge,margaretta
Marge,margery
Marge,margaret
Marie,mae
Marie,mary
Marni,marnie
Megan,meg
Missy,melissa
Mitch,mitchell
Mitzi,mary
Mitzi,mittie
Mitzi,mitty
Monet,nettie
Monty,lamont
Moses,mose
Moses,moss
Moses,amos
Nancy,nan
Nancy,nanny
Nancy,ann
Naomi,omi
Nelle,nelly
Odell,odo
Olive,livia
Olive,nollie
Olive,ollie
Ollie,oliver
Manuel,manny
Marcus,mark
Marcus,marc
Margie,marjorie
Mariah,mary
Mariah,maria
Marian,marianna
Marian,marion
Marion,mary
Marsha,marcie
Marsha,mary
Marsha,marcia
Martha,mat
Martha,patsy
Martha,mattie
Martha,marty
Martha,patty
Martin,marty
Marvin,marv
Mathew,matt
Mathew,mat
Mathew,maty
Mavery,mave
Mavine,mave
Maxine,max
Medora,dora
Meghan,meg
Melody,lodi
Melvin,mel
Mervin,merv
Mervyn,merv
Miguel,mike
Miguel,miguaill
Miguel,miguaell
Miguel,miguayl
Miguel,miguail
Miguel,michael
Miguel,miguayll
Miguel,miggy
Miguel,miguael
Miguel,miguell
Minnie,wilhelmina
Miriam,mitzi
Miriam,mimi
Miriam,mitzie
Mitzie,mittie
Mitzie,mitty
Monica,monna
Monica,monnie
Morris,morey
Muriel,mur
Myrtle,mert
Myrtle,myrt
Myrtle,myrti
Nadine,nada
Nadine,deedee
Nathan,nate
Nathan,nat
Nelson,nels
Newton,newt
Nicole,nikki
Nicole,cole
Nicole,nicky
Nicole,nicki
Nicole,nole
Nikole,nikki
Norman,norm
Nowell,noel
Oliver,ollie
Olivia,nollie
Olivia,ollie
Olivia,livia
Orilla,rilly
Orilla,ora
Oswald,waldo
Oswald,ossy
Oswald,ozzy
Pamela,pam
Marilyn,mary
Marissa,rissa
Martina,tina
Martine,tine
Matilda,maud
Matilda,tilla
Matilda,tilly
Matilda,matty
Matthew,thias
Matthew,mattie
Matthew,thys
Matthew,matt
Matthew,matty
Maureen,mary
Maurice,morey
Maxwell,max
Mckenna,kenna
Mckenna,meaka
Mckenna,ken
Melanie,mellie
Melinda,linda
Melinda,mel
Melinda,mindy
Melinda,lindy
Melinda,lynn
Melissa,mel
Melissa,milly
Melissa,lisa
Melissa,missy
Melissa,lissa
Mellony,mellia
Melvina,vina
Micajah,cage
Michael,mike
Michael,micah
Michael,mickey
Michael,mikey
Michael,mick
Michael,micky
Micheal,mikey
Micheal,mike
Micheal,miky
Mildred,milly
Minerva,minnie
Miranda,mandy
Miranda,randy
Miranda,mira
Natalie,nettie
Natalie,natty
Natasha,nat
Natasha,tasha
Nikolas,nicky
Nikolas,nick
Nikolas,claes
Nikolas,nic
Nikolas,nico
Nikolas,nickie
Norbert,bert
Norbert,norby
Obadiah,dyer
Obadiah,obie
Obadiah,diah
Obadiah,obed
Obediah,obie
Octavia,tavia
Octavia,tave
Orlando,roland
Pandora,dora
Margaret,margery
Margaret,gretta
Margaret,peggy
Margaret,margy
Margaret,meg
Margaret,daisy
Margaret,peg
Margaret,margie
Margaret,marge
Margaret,maggie
Margaret,rita
Margaret,madge
Margaret,maggy
Margaret,midge
Marietta,polly
Marietta,mary
Marietta,maureen
Marietta,mollie
Marietta,maria
Marietta,mitzi
Marietta,mamie
Marietta,mae
Marietta,may
Marietta,minnie
Marietta,mariah
Marietta,mercy
Marietta,marie
Marietta,molly
Marietta,marion
Marjorie,margy
Marjorie,margie
Masayuki,masa
Mathilda,patty
Mathilda,tillie
Matthews,matt
Matthews,matty
Matthews,mattie
Matthias,thys
Matthias,thias
Matthias,matt
Mercedes,merci
Mercedes,mercy
Mercedes,sadie
Michelle,shelly
Michelle,shelley
Michelle,shellie
Michelle,chelle
Michelle,mickey
Michelle,shely
Mitchell,mitch
Mortimer,mort
Napoleon,nap
Napoleon,nappy
Napoleon,leon
Nicholas,nico
Nicholas,nicky
Nicholas,claes
Nicholas,claas
Nicholas,nickie
Nicholas,nic
Nicholas,nick
Orphelia,phelia
Parmelia,melia
Parmelia,milly
Parmelia,amelia
Patience,pat
Patience,patty
Patricia,patsy
Patricia,patti
Patricia,patty
Patricia,pat
Patricia,tricia
Margarita,meg
Margarita,peggie
Margarita,margo
Margarita,madge
Margarita,rita
Margarita,marge
Margarita,greta
Margarita,daisy
Margarita,megan
Margarita,midge
Margarita,maisie
Margarita,metta
Margarita,maggie
Mehitabel,hetty
Mehitabel,mabel
Mehitabel,hitty
Mehitabel,mitty
Millicent,milly
Millicent,missy
Monteleon,monte
Montesque,monty
Nathaniel,natty
Nathaniel,than
Nathaniel,nate
Nathaniel,nat
Nathaniel,nathan
Nicodemus,nicky
Nicodemus,nico
Nicodemus,nic
Nicodemus,nick
Nicodemus,nickie
Obedience,beda
Obedience,obed
Obedience,beedy
Obedience,biddie
Parthenia,teeny
Parthenia,parsuny
Parthenia,pasoonie
Parthenia,phenie
Margaretta,rita
Margaretta,gretta
Margaretta,peg
Margaretta,daisy
Margaretta,meg
Margaretta,maggie
Margaretta,margie
Margaretta,madge
Margaretta,margery
Margaretta,midge
Margaretta,peggy
Margaretta,marge
Marguerite,peggy
Montgomery,monty
Montgomery,gum
Nicholette,nicky
Nicholette,nicki
Nicholette,nikki
Nicholette,nichole
Nicholette,cole
Nicholette,nicole
Nicholette,nickey
Norbusamte,norbu
Maximillian,max
Melchizedek,dick
Melchizedek,zadock
Onicyphorous,one
Onicyphorous,osaforus
Onicyphorous,syphorous
Onicyphorous,osaforum
Onicyphorous,cy
Onicyphorous,cyphorus
Zachariah,zachy
Victoria,vicki
Walter,wally
Ted,teddy
Tim,timmy
Tom,tommy
Tom,thomas
Tess,theresa
Tess,teresa
Thad,thaddeus
Theo,theodore
Thom,tommy
Thom,tom
Thom,thomas
Tina,christina
Tony,anthony
Trix,trixie
Susan,susie
Susan,sukey
Susan,suzie
Susan,sue
Susan,hannah
Susie,suzie
Tabby,tabitha
Tammy,tami
Tammy,tammie
Tasha,tash
Tasha,tashie
Terri,terrie
Terri,terry
Terri,teri
Terry,terence
Tessa,teresa
Tessa,theresa
Tisha,tish
Trish,trisha
Trish,patricia
Trudy,gertrude
Unice,nicie
Unice,eunice
Uriah,riah
Sybill,sibbie
Sydney,sid
Tammie,tammy
Tammie,tami
Teresa,terry
Teresa,tessie
Teresa,tessa
Teresa,tess
Thomas,tom
Thomas,thom
Thomas,tommy
Tobias,bias
Tobias,toby
Suzanne,susie
Suzanne,sue
Suzanne,suki
Tabitha,tabby
Tamarra,tammy
Tanafra,tanny
Terence,terry
Theotha,otha
Theresa,traci
Theresa,tracy
Theresa,tessa
Theresa,terry
Theresa,tess
Theresa,thursa
Theresa,tracie
Theresa,tessie
Theresa,thirza
Thomasa,tamzine
Tiffany,tiff
Tiffany,tiffy
Tilford,tillie
Timothy,tim
Timothy,timmy
Susannah,susie
Susannah,sue
Susannah,hannah
Susannah,sukey
Sylvanus,sly
Sylvanus,syl
Thaddeus,thad
Theodora,dora
Theodore,ted
Theodore,teddy
Theodore,theo
Tryphena,phena
Sylvester,vester
Sylvester,sly
Sylvester,vessie
Sylvester,vet
Sylvester,sy
Sylvester,syl
Sylvester,si
Theodosia,theo
Theodosia,dosia
Theodosia,theodosius
Temperance,tempy
Theophilus,ophi
Tranquilla,trannie
Tranquilla,quilla